Workbook

Sheet Wedstrijdblad
A1: ESSENSE SENIOREN | N1: Biljarttornooien
A2: Biljart wedstrijdblad | F2: Datum: | H2: 45964 | J2: Bezoekers: | L2: Kerkuilen | R2: Thuisploeg: | T2: Rooie bal 2
B3: Bezoekers | D3: Thuisploeg | F3: Bezoekers | H3: Thuisploeg | J3: Bezoekers | L3: Thuisploeg | N3: Bezoekers | P3: Thuisploeg | R3: Bezoekers | T3: Thuisploeg | V3: Bezoekers | X3: Thuisploeg
A4: Naam | B4: Wies Peeters | D4: John Donckers | F4: Hugo Hectors | H4: Cis Suykerbuyk | J4: Jef Schrooyen | L4: Fred Dictus | N4: Cyriel van Ginneken | P4: Leo Costermans | R4: Hubert Uytdewilge | T4: Ed Ossenblock | V4: Stan Elst | X4: Willy Lodewycks
A5: Sterktegetal | B5: 28 | D5: 25 | F5: 18 | H5: 15 | J5: 51 | L5: 59 | N5: 20 | P5: 15 | R5: 33 | T5: 35 | V5: 42 | X5: 40
A6: Punten | B6: =(C26/B5)*10 -> 3.5714286 | D6: =(E26/D5)*10 -> 9.2 | F6: =(G26/F5)*10 -> 9.4444444 | H6: =(I26/H5)*10 -> 8 | J6: =(K26/J5)*10 -> 5.4901961 | L6: =(M26/L5)*10 -> 7.4576271 | N6: =(O26/N5)*10 -> 7 | P6: =(Q26/P5)*10 -> 11.333333 | R6: =(S26/R5)*10 -> 10.30303 | T6: =(U26/T5)*10 -> 5.4285714 | V6: =(W26/V5)*10 -> 12.142857 | X6: =(Y26/X5)*10 -> 8.25
A7: 1 | B7: 5 | C7: =B7 -> 5 | D7: 0 | E7: =D7 -> 0 | F7: 0 | G7: =F7 -> 0 | H7: 0 | I7: =H7 -> 0 | J7: 5 | K7: =J7 -> 5 | L7: 1 | M7: =L7 -> 1 | N7: 0 | O7: =N7 -> 0 | P7: 2 | Q7: =P7 -> 2 | R7: 0 | S7: =R7 -> 0 | T7: 4 | U7: =T7 -> 4 | V7: 3 | W7: =V7 -> 3 | X7: 0 | Y7: =X7 -> 0
A8: 2 | B8: 1 | C8: =C7+B8 -> 6 | D8: 8 | E8: =E7+D8 -> 8 | F8: 2 | G8: =G7+F8 -> 2 | H8: 0 | I8: =I7+H8 -> 0 | J8: 0 | K8: =K7+J8 -> 5 | L8: 3 | M8: =M7+L8 -> 4 | N8: 2 | O8: =O7+N8 -> 2 | P8: 1 | Q8: =Q7+P8 -> 3 | R8: 1 | S8: =S7+R8 -> 1 | T8: 0 | U8: =U7+T8 -> 4 | V8: 3 | W8: =W7+V8 -> 6 | X8: 0 | Y8: =Y7+X8 -> 0
A9: 3 | B9: 0 | C9: =C8+B9 -> 6 | D9: 1 | E9: =E8+D9 -> 9 | F9: 0 | G9: =G8+F9 -> 2 | H9: 1 | I9: =I8+H9 -> 1 | J9: 1 | K9: =K8+J9 -> 6 | L9: 6 | M9: =M8+L9 -> 10 | N9: 0 | O9: =O8+N9 -> 2 | P9: 1 | Q9: =Q8+P9 -> 4 | R9: 1 | S9: =S8+R9 -> 2 | T9: 0 | U9: =U8+T9 -> 4 | V9: 1 | W9: =W8+V9 -> 7 | X9: 4 | Y9: =Y8+X9 -> 4
A10: 4 | B10: 1 | C10: =C9+B10 -> 7 | D10: 0 | E10: =E9+D10 -> 9 | F10: 1 | G10: =G9+F10 -> 3 | H10: 0 | I10: =I9+H10 -> 1 | J10: 2 | K10: =K9+J10 -> 8 | L10: 5 | M10: =M9+L10 -> 15 | N10: 0 | O10: =O9+N10 -> 2 | P10: 0 | Q10: =Q9+P10 -> 4 | R10: 1 | S10: =S9+R10 -> 3 | T10: 1 | U10: =U9+T10 -> 5 | V10: 2 | W10: =W9+V10 -> 9 | X10: 4 | Y10: =Y9+X10 -> 8
A11: 5 | B11: 0 | C11: =C10+B11 -> 7 | D11: 0 | E11: =E10+D11 -> 9 | F11: 1 | G11: =G10+F11 -> 4 | H11: 2 | I11: =I10+H11 -> 3 | J11: 0 | K11: =K10+J11 -> 8 | L11: 0 | M11: =M10+L11 -> 15 | N11: 1 | O11: =O10+N11 -> 3 | P11: 0 | Q11: =Q10+P11 -> 4 | R11: 3 | S11: =S10+R11 -> 6 | T11: 0 | U11: =U10+T11 -> 5 | V11: 7 | W11: =W10+V11 -> 16 | X11: 2 | Y11: =Y10+X11 -> 10
A12: 6 | B12: 0 | C12: =C11+B12 -> 7 | D12: 0 | E12: =E11+D12 -> 9 | F12: 0 | G12: =G11+F12 -> 4 | H12: 0 | I12: =I11+H12 -> 3 | J12: 0 | K12: =K11+J12 -> 8 | L12: 6 | M12: =M11+L12 -> 21 | N12: 0 | O12: =O11+N12 -> 3 | P12: 0 | Q12: =Q11+P12 -> 4 | R12: 1 | S12: =S11+R12 -> 7 | T12: 0 | U12: =U11+T12 -> 5 | V12: 3 | W12: =W11+V12 -> 19 | X12: 4 | Y12: =Y11+X12 -> 14
A13: 7 | B13: 0 | C13: =C12+B13 -> 7 | D13: 3 | E13: =E12+D13 -> 12 | F13: 0 | G13: =G12+F13 -> 4 | H13: 0 | I13: =I12+H13 -> 3 | J13: 6 | K13: =K12+J13 -> 14 | L13: 0 | M13: =M12+L13 -> 21 | N13: 3 | O13: =O12+N13 -> 6 | P13: 0 | Q13: =Q12+P13 -> 4 | R13: 2 | S13: =S12+R13 -> 9 | T13: 0 | U13: =U12+T13 -> 5 | V13: 1 | W13: =W12+V13 -> 20 | X13: 2 | Y13: =Y12+X13 -> 16
A14: 8 | B14: 0 | C14: =C13+B14 -> 7 | D14: 2 | E14: =E13+D14 -> 14 | F14: 0 | G14: =G13+F14 -> 4 | H14: 3 | I14: =I13+H14 -> 6 | J14: 1 | K14: =K13+J14 -> 15 | L14: 4 | M14: =M13+L14 -> 25 | N14: 0 | O14: =O13+N14 -> 6 | P14: 0 | Q14: =Q13+P14 -> 4 | R14: 0 | S14: =S13+R14 -> 9 | T14: 1 | U14: =U13+T14 -> 6 | V14: 6 | W14: =W13+V14 -> 26 | X14: 0 | Y14: =Y13+X14 -> 16
A15: 9 | B15: 2 | C15: =C14+B15 -> 9 | D15: 0 | E15: =E14+D15 -> 14 | F15: 1 | G15: =G14+F15 -> 5 | H15: 0 | I15: =I14+H15 -> 6 | J15: 0 | K15: =K14+J15 -> 15 | L15: 0 | M15: =M14+L15 -> 25 | N15: 0 | O15: =O14+N15 -> 6 | P15: 0 | Q15: =Q14+P15 -> 4 | R15: 3 | S15: =S14+R15 -> 12 | T15: 0 | U15: =U14+T15 -> 6 | V15: 5 | W15: =W14+V15 -> 31 | X15: 2 | Y15: =Y14+X15 -> 18
A16: 10 | B16: 0 | C16: =C15+B16 -> 9 | D16: 0 | E16: =E15+D16 -> 14 | F16: 0 | G16: =G15+F16 -> 5 | H16: 1 | I16: =I15+H16 -> 7 | J16: 0 | K16: =K15+J16 -> 15 | L16: 6 | M16: =M15+L16 -> 31 | N16: 0 | O16: =O15+N16 -> 6 | P16: 1 | Q16: =Q15+P16 -> 5 | R16: 4 | S16: =S15+R16 -> 16 | T16: 1 | U16: =U15+T16 -> 7 | V16: 1 | W16: =W15+V16 -> 32 | X16: 0 | Y16: =Y15+X16 -> 18
A17: 11 | B17: 0 | C17: =C16+B17 -> 9 | D17: 5 | E17: =E16+D17 -> 19 | F17: 2 | G17: =G16+F17 -> 7 | H17: 0 | I17: =I16+H17 -> 7 | J17: 0 | K17: =K16+J17 -> 15 | L17: 1 | M17: =M16+L17 -> 32 | N17: 0 | O17: =O16+N17 -> 6 | P17: 0 | Q17: =Q16+P17 -> 5 | R17: 1 | S17: =S16+R17 -> 17 | T17: 4 | U17: =U16+T17 -> 11 | V17: 1 | W17: =W16+V17 -> 33 | X17: 1 | Y17: =Y16+X17 -> 19
A18: 12 | B18: 1 | C18: =C17+B18 -> 10 | D18: 1 | E18: =E17+D18 -> 20 | F18: 2 | G18: =G17+F18 -> 9 | H18: 0 | I18: =I17+H18 -> 7 | J18: 6 | K18: =K17+J18 -> 21 | L18: 0 | M18: =M17+L18 -> 32 | N18: 0 | O18: =O17+N18 -> 6 | P18: 1 | Q18: =Q17+P18 -> 6 | R18: 0 | S18: =S17+R18 -> 17 | T18: 0 | U18: =U17+T18 -> 11 | V18: 5 | W18: =W17+V18 -> 38 | X18: 3 | Y18: =Y17+X18 -> 22
A19: 13 | B19: 0 | C19: =C18+B19 -> 10 | D19: 0 | E19: =E18+D19 -> 20 | F19: 0 | G19: =G18+F19 -> 9 | H19: 1 | I19: =I18+H19 -> 8 | J19: 0 | K19: =K18+J19 -> 21 | L19: 1 | M19: =M18+L19 -> 33 | N19: 1 | O19: =O18+N19 -> 7 | P19: 0 | Q19: =Q18+P19 -> 6 | R19: 7 | S19: =S18+R19 -> 24 | T19: 0 | U19: =U18+T19 -> 11 | V19: 1 | W19: =W18+V19 -> 39 | X19: 3 | Y19: =Y18+X19 -> 25
... A26: 20 | B26: 0 | C26: =C25+B26 -> 10 | D26: 0 | E26: =E25+D26 -> 23 | F26: 1 | G26: =G25+F26 -> 17 | H26: 0 | I26: =I25+H26 -> 12 | J26: 1 | K26: =K25+J26 -> 28 | L26: 3 | M26: =M25+L26 -> 44 | N26: 2 | O26: =O25+N26 -> 14 | P26: 2 | Q26: =Q25+P26 -> 17 | R26: 2 | S26: =S25+R26 -> 34 | T26: 4 | U26: =U25+T26 -> 19 | V26: 6 | W26: =W25+V26 -> 51 | X26: 2 | Y26: =Y25+X26 -> 33
A27: Aantal beurten | B27: =COUNTA(B7:B26) -> 20 | D27: =COUNTA(D7:D26) -> 20 | F27: =COUNTA(F7:F26) -> 20 | H27: =COUNTA(H7:H26) -> 20 | J27: =COUNTA(J7:J26) -> 20 | L27: =COUNTA(L7:L26) -> 20 | N27: =COUNTA(N7:N26) -> 20 | P27: =COUNTA(P7:P26) -> 20 | R27: =COUNTA(R7:R26) -> 20 | T27: =COUNTA(T7:T26) -> 20 | V27: =COUNTA(V7:V26) -> 20 | X27: =COUNTA(X7:X26) -> 20
A28: Hoogste serie | B28: =MAX(B7:B26) -> 5 | D28: =MAX(D7:D26) -> 8 | F28: =MAX(F7:F26) -> 4 | H28: =MAX(H7:H26) -> 3 | J28: =MAX(J7:J26) -> 6 | L28: =MAX(L7:L26) -> 6 | N28: =MAX(N7:N26) -> 3 | P28: =MAX(P7:P26) -> 4 | R28: =MAX(R7:R26) -> 7 | T28: =MAX(T7:T26) -> 4 | V28: =MAX(V7:V26) -> 7 | X28: =MAX(X7:X26) -> 4
A29: Poedels | B29: =COUNTIF(B7:B26,0) -> 15 | D29: =COUNTIF(D7:D26,0) -> 12 | F29: =COUNTIF(F7:F26,0) -> 10 | H29: =COUNTIF(H7:H26,0) -> 13 | J29: =COUNTIF(J7:J26,0) -> 11 | L29: =COUNTIF(L7:L26,0) -> 7 | N29: =COUNTIF(N7:N26,0) -> 11 | P29: =COUNTIF(P7:P26,0) -> 10 | R29: =COUNTIF(R7:R26,0) -> 6 | T29: =COUNTIF(T7:T26,0) -> 10 | V29: =COUNTIF(V7:V26,0) -> 2 | X29: =COUNTIF(X7:X26,0) -> 6
A30: Gemiddelde | B30: =AVERAGE(B7:B26) -> 0.5 | D30: =AVERAGE(D7:D26) -> 1.15 | F30: =AVERAGE(F7:F26) -> 0.85 | H30: =AVERAGE(H7:H26) -> 0.6 | J30: =AVERAGE(J7:J26) -> 1.4 | L30: =AVERAGE(L7:L26) -> 2.2 | N30: =AVERAGE(N7:N26) -> 0.7 | P30: =AVERAGE(P7:P26) -> 0.85 | R30: =AVERAGE(R7:R26) -> 1.7 | T30: =AVERAGE(T7:T26) -> 0.95 | V30: =AVERAGE(V7:V26) -> 2.55 | X30: =AVERAGE(X7:X26) -> 1.65
A31: Tot. Bezoekers : | B31: =B6+F6+J6+N6+R6+V6 -> 47.951957 | F31: Voorzitter bezoekers | P31: Voorzitter thuisploeg
A32: Tot. Thuisploeg : | B32: =D6+H6+L6+P6+T6+X6 -> 49.669532
A33: Verschil: | B33: =B31-B32 -> -1.7175753
A34: Winnaar: | B34: =alsB31>B32 L2 -> #NAME?

Sheet Scoreblad 1
C2: =Wedstrijdblad!L2 -> Kerkuilen | G2: =Wedstrijdblad!T2 -> Rooie bal 2
C3: =Wedstrijdblad!B4 -> Wies Peeters | G3: =Wedstrijdblad!D4 -> John Donckers
C4: =Wedstrijdblad!B5 -> 28 | E4: BEURTEN | G4: =Wedstrijdblad!D5 -> 25
C5: =Wedstrijdblad!C26 -> 10 | E5: =Wedstrijdblad!B27 -> 20 | G5: =Wedstrijdblad!E26 -> 23
C7: =Wedstrijdblad!B28 -> 5 | E7: HOOGSTE SERIE | G7: =Wedstrijdblad!D28 -> 8
C9: =Wedstrijdblad!B29 -> 15 | E9: POEDELS | G9: =Wedstrijdblad!D29 -> 12
C11: =Wedstrijdblad!B30 -> 0.5 | E11: GEMIDDELDE | G11: =Wedstrijdblad!D30 -> 1.15
C13: =Wedstrijdblad!B6 -> 3.5714286 | E13: BEHAALDE PUNTEN | G13: =Wedstrijdblad!D6 -> 9.2
C15: =Wedstrijdblad!B31 -> 47.951957 | E15: Match Totaal | G15: =Wedstrijdblad!B32 -> 49.669532

Sheet Scoreblad 2
C2: =Wedstrijdblad!L2 -> Kerkuilen | G2: =Wedstrijdblad!T2 -> Rooie bal 2
C3: =Wedstrijdblad!F4 -> Hugo Hectors | G3: =Wedstrijdblad!H4 -> Cis Suykerbuyk
C4: =Wedstrijdblad!F5 -> 18 | E4: BEURTEN | G4: =Wedstrijdblad!H5 -> 15
C5: =Wedstrijdblad!G26 -> 17 | E5: =Wedstrijdblad!F27 -> 20 | G5: =Wedstrijdblad!I26 -> 12
C7: =Wedstrijdblad!F28 -> 4 | E7: HOOGSTE SERIE | G7: =Wedstrijdblad!H28 -> 3
C9: =Wedstrijdblad!F29 -> 10 | E9: POEDELS | G9: =Wedstrijdblad!H29 -> 13
C11: =Wedstrijdblad!F30 -> 0.85 | E11: GEMIDDELDE | G11: =Wedstrijdblad!H30 -> 0.6
C13: =Wedstrijdblad!F6 -> 9.4444444 | E13: BEHAALDE PUNTEN | G13: =Wedstrijdblad!H6 -> 8
C15: =Wedstrijdblad!B31 -> 47.951957 | E15: Match Totaal | G15: =Wedstrijdblad!B32 -> 49.669532

Sheet Scoreblad 3
C2: =Wedstrijdblad!L2 -> Kerkuilen | G2: =Wedstrijdblad!T2 -> Rooie bal 2
C3: =Wedstrijdblad!J4 -> Jef Schrooyen | G3: =Wedstrijdblad!L4 -> Fred Dictus
C4: =Wedstrijdblad!J5 -> 51 | E4: BEURTEN | G4: =Wedstrijdblad!L5 -> 59
C5: =Wedstrijdblad!K26 -> 28 | E5: =Wedstrijdblad!J27 -> 20 | G5: =Wedstrijdblad!M26 -> 44
C7: =Wedstrijdblad!J28 -> 6 | E7: HOOGSTE SERIE | G7: =Wedstrijdblad!L28 -> 6
C9: =Wedstrijdblad!J29 -> 11 | E9: POEDELS | G9: =Wedstrijdblad!L29 -> 7
C11: =Wedstrijdblad!J30 -> 1.4 | E11: GEMIDDELDE | G11: =Wedstrijdblad!L30 -> 2.2
C13: =Wedstrijdblad!J6 -> 5.4901961 | E13: BEHAALDE PUNTEN | G13: =Wedstrijdblad!L6 -> 7.4576271
C15: =Wedstrijdblad!B31 -> 47.951957 | E15: Match Totaal | G15: =Wedstrijdblad!B32 -> 49.669532

Sheet Scoreblad 4
C2: =Wedstrijdblad!L2 -> Kerkuilen | G2: =Wedstrijdblad!T2 -> Rooie bal 2
C3: =Wedstrijdblad!N4 -> Cyriel van Ginneken | G3: =Wedstrijdblad!P4 -> Leo Costermans
C4: =Wedstrijdblad!N5 -> 20 | E4: BEURTEN | G4: =Wedstrijdblad!P5 -> 15
C5: =Wedstrijdblad!O26 -> 14 | E5: =Wedstrijdblad!N27 -> 20 | G5: =Wedstrijdblad!Q26 -> 17
C7: =Wedstrijdblad!N28 -> 3 | E7: HOOGSTE SERIE | G7: =Wedstrijdblad!P28 -> 4
C9: =Wedstrijdblad!N29 -> 11 | E9: POEDELS | G9: =Wedstrijdblad!P29 -> 10
C11: =Wedstrijdblad!N30 -> 0.7 | E11: GEMIDDELDE | G11: =Wedstrijdblad!P30 -> 0.85
C13: =Wedstrijdblad!N6 -> 7 | E13: BEHAALDE PUNTEN | G13: =Wedstrijdblad!P6 -> 11.333333
C15: =Wedstrijdblad!B31 -> 47.951957 | E15: Match Totaal | G15: =Wedstrijdblad!B32 -> 49.669532

Sheet Scoreblad 5
C2: =Wedstrijdblad!L2 -> Kerkuilen | G2: =Wedstrijdblad!T2 -> Rooie bal 2
C3: =Wedstrijdblad!R4 -> Hubert Uytdewilge | G3: =Wedstrijdblad!T4 -> Ed Ossenblock
C4: =Wedstrijdblad!R5 -> 33 | E4: BEURTEN | G4: =Wedstrijdblad!T5 -> 35
C5: =Wedstrijdblad!S26 -> 34 | E5: =Wedstrijdblad!R27 -> 20 | G5: =Wedstrijdblad!U26 -> 19
C7: =Wedstrijdblad!R28 -> 7 | E7: HOOGSTE SERIE | G7: =Wedstrijdblad!T28 -> 4
C9: =Wedstrijdblad!R29 -> 6 | E9: POEDELS | G9: =Wedstrijdblad!T29 -> 10
C11: =Wedstrijdblad!R30 -> 1.7 | E11: GEMIDDELDE | G11: =Wedstrijdblad!T30 -> 0.95
C13: =Wedstrijdblad!R6 -> 10.30303 | E13: BEHAALDE PUNTEN | G13: =Wedstrijdblad!T6 -> 5.4285714
C15: =Wedstrijdblad!B31 -> 47.951957 | E15: Match Totaal | G15: =Wedstrijdblad!B32 -> 49.669532

Sheet Scoreblad 6
C2: =Wedstrijdblad!L2 -> Kerkuilen | G2: =Wedstrijdblad!T2 -> Rooie bal 2
C3: =Wedstrijdblad!V4 -> Stan Elst | G3: =Wedstrijdblad!X4 -> Willy Lodewycks
C4: =Wedstrijdblad!V5 -> 42 | E4: BEURTEN | G4: =Wedstrijdblad!X5 -> 40
C5: =Wedstrijdblad!W26 -> 51 | E5: =Wedstrijdblad!V27 -> 20 | G5: =Wedstrijdblad!Y26 -> 33
C7: =Wedstrijdblad!V28 -> 7 | E7: HOOGSTE SERIE | G7: =Wedstrijdblad!X28 -> 4
C9: =Wedstrijdblad!V29 -> 2 | E9: POEDELS | G9: =Wedstrijdblad!X29 -> 6
C11: =Wedstrijdblad!V30 -> 2.55 | E11: GEMIDDELDE | G11: =Wedstrijdblad!X30 -> 1.65
C13: =Wedstrijdblad!V6 -> 12.142857 | E13: BEHAALDE PUNTEN | G13: =Wedstrijdblad!X6 -> 8.25
C15: =Wedstrijdblad!B31 -> 47.951957 | E15: Match Totaal | G15: =Wedstrijdblad!B32 -> 49.669532
